link_id,station_id,road_name,lat,lon,year,month,AADT,AADT_motorcycles,AADT_cars,AADT_buses,AADT_trucks,AADT_heavy,heavy_pct,peak_hour_factor,growth_rate,data_source,region
A002_Link04,A00211,Buwama - Nyendo,31.843214,-0.206556,2020,9,2288.0,463.0,1091.0,302.0,155.5,311.0,13.592657342657343,0.11,-61.88,ATC_permanent,Central
A001_Link01,A00107,Kampala - Mukono,32.674175,0.354184,2019,1,32894.0,14101.0,14110.0,2557.0,495.5,991.0,3.0127074846476565,0.11,7.17,ATC_permanent,Central
A001_Link01,A00107,Kampala - Mukono,32.674175,0.354184,2019,2,32115.0,14028.0,13404.0,2585.0,506.0,1012.0,3.1511754631791997,0.11,7.17,ATC_permanent,Central
A001_Link01,A00107,Kampala - Mukono,32.674175,0.354184,2019,3,36221.0,6644.0,13683.0,6252.0,3465.0,6930.0,19.13254741724414,0.11,7.17,ATC_permanent,Central
A001_Link01,A00107,Kampala - Mukono,32.674175,0.354184,2019,4,35907.0,6834.0,13676.0,6293.0,3367.5,6735.0,18.756788369955718,0.11,7.17,ATC_permanent,Central
C920_Link01,C92001,Kumi - Brooks corner,33.9341,1.48769,2021,1,2468.0,632.0,1554.0,145.0,58.0,116.0,4.700162074554295,0.11,-42.44,ATC_permanent,North East
A001_Link01,A00107,Kampala - Mukono,32.674175,0.354184,2019,5,30846.0,13749.0,13016.0,2232.0,433.0,866.0,2.807495299228425,0.11,7.17,ATC_permanent,Central
A001_Link01,A00107,Kampala - Mukono,32.674175,0.354184,2019,6,30793.0,13962.0,12481.0,2334.0,498.0,996.0,3.234501347708895,0.11,7.17,ATC_permanent,Central
A001_Link01,A00107,Kampala - Mukono,32.674175,0.354184,2019,7,32556.0,15325.0,12858.0,2321.0,490.0,980.0,3.0101978129991402,0.11,7.17,ATC_permanent,Central
A001_Link01,A00107,Kampala - Mukono,32.674175,0.354184,2019,8,31837.0,14824.0,12886.0,2404.0,512.0,1024.0,3.216383453214813,0.11,7.17,ATC_permanent,Central
C920_Link01,C92001,Kumi - Brooks corner,33.9341,1.48769,2021,2,2618.0,1389.0,1086.0,100.0,19.5,39.0,1.489686783804431,0.11,-42.44,ATC_permanent,North East
A001_Link01,A00107,Kampala - Mukono,32.674175,0.354184,2019,9,30043.0,13441.0,11872.0,2579.0,544.0,1088.0,3.6214758845654558,0.11,7.17,ATC_permanent,Central
A001_Link01,A00107,Kampala - Mukono,32.674175,0.354184,2019,10,31092.0,13795.0,12655.0,2481.0,541.5,1083.0,3.4832111153994596,0.11,7.17,ATC_permanent,Central
A001_Link01,A00107,Kampala - Mukono,32.674175,0.354184,2019,11,33110.0,15611.0,12874.0,2520.0,514.5,1029.0,3.1078224101479917,0.11,7.17,ATC_permanent,Central
A001_Link01,A00107,Kampala - Mukono,32.674175,0.354184,2019,12,34829.0,18009.0,12289.0,2386.0,522.0,1044.0,2.9975020815986677,0.11,7.17,ATC_permanent,Central
A001_Link01,A00107,Kampala - Mukono,32.674175,0.354184,2020,1,34207.0,16539.0,13340.0,2409.0,487.0,974.0,2.8473704212588067,0.11,7.17,ATC_permanent,Central
A001_Link01,A00107,Kampala - Mukono,32.674175,0.354184,2020,2,35851.0,18100.0,12876.0,2634.0,564.5,1129.0,3.1491450726618506,0.11,7.17,ATC_permanent,Central
C920_Link01,C92001,Kumi - Brooks corner,33.9341,1.48769,2021,3,2664.0,1345.0,1126.0,129.0,25.5,51.0,1.9144144144144142,0.11,-42.44,ATC_permanent,North East
A002_Link04,A00211,Buwama - Nyendo,31.843214,-0.206556,2019,2,6724.0,1000.0,2966.0,795.0,400.0,800.0,11.89767995240928,0.11,-61.88,ATC_permanent,Central
A002_Link04,A00211,Buwama - Nyendo,31.843214,-0.206556,2019,4,6990.0,840.0,1865.0,661.0,1020.0,2040.0,29.184549356223176,0.11,-61.88,ATC_permanent,Central
A002_Link04,A00211,Buwama - Nyendo,31.843214,-0.206556,2019,5,6256.0,1045.0,2701.0,860.0,352.0,704.0,11.253196930946292,0.11,-61.88,ATC_permanent,Central
A002_Link04,A00211,Buwama - Nyendo,31.843214,-0.206556,2019,6,6600.0,954.0,1722.0,755.0,817.0,1634.0,24.757575757575758,0.11,-61.88,ATC_permanent,Central
A002_Link04,A00211,Buwama - Nyendo,31.843214,-0.206556,2019,7,8142.0,2341.0,3601.0,895.0,472.0,944.0,11.594202898550725,0.11,-61.88,ATC_permanent,Central
A002_Link04,A00211,Buwama - Nyendo,31.843214,-0.206556,2019,8,6557.0,2159.0,2829.0,777.0,272.0,544.0,8.296477047430226,0.11,-61.88,ATC_permanent,Central
A002_Link04,A00211,Buwama - Nyendo,31.843214,-0.206556,2019,9,8336.0,2401.0,3710.0,803.0,507.5,1015.0,12.176103646833013,0.11,-61.88,ATC_permanent,Central
A002_Link04,A00211,Buwama - Nyendo,31.843214,-0.206556,2019,10,4926.0,1587.0,2136.0,616.0,188.0,376.0,7.6329679252943565,0.11,-61.88,ATC_permanent,Central
A002_Link04,A00211,Buwama - Nyendo,31.843214,-0.206556,2019,11,3347.0,640.0,1791.0,338.0,220.0,440.0,13.146100985957574,0.11,-61.88,ATC_permanent,Central
A002_Link04,A00211,Buwama - Nyendo,31.843214,-0.206556,2019,12,4561.0,1017.0,2372.0,461.0,276.0,552.0,12.102609076956808,0.11,-61.88,ATC_permanent,Central
A002_Link04,A00211,Buwama - Nyendo,31.843214,-0.206556,2020,2,2816.0,568.0,1360.0,395.0,188.0,376.0,13.352272727272727,0.11,-61.88,ATC_permanent,Central
A002_Link04,A00211,Buwama - Nyendo,31.843214,-0.206556,2020,3,3244.0,1108.0,1303.0,285.0,206.5,413.0,12.731196054254006,0.11,-61.88,ATC_permanent,Central
A002_Link04,A00211,Buwama - Nyendo,31.843214,-0.206556,2020,8,2401.0,495.0,1045.0,273.0,221.5,443.0,18.45064556434819,0.11,-61.88,ATC_permanent,Central
B101_Link01,B101_LINK01,Mukono - Kalagi,32.808814,0.589747,2019,11,4765.0,1686.0,2522.0,404.0,64.5,129.0,2.707240293809024,0.11,-13.84,ATC_permanent,Central
A002_Link04,A00211,Buwama - Nyendo,31.843214,-0.206556,2020,10,2693.0,530.0,1227.0,405.0,192.5,385.0,14.296323802450797,0.11,-61.88,ATC_permanent,Central
A002_Link04,A00211,Buwama - Nyendo,31.843214,-0.206556,2020,11,1797.0,377.0,791.0,215.0,148.0,296.0,16.471897607122983,0.11,-61.88,ATC_permanent,Central
A002_Link04,A00211,Buwama - Nyendo,31.843214,-0.206556,2020,12,1424.0,1170.0,250.0,4.0,0.0,0.0,0.0,0.11,-61.88,ATC_permanent,Central
A005_Link10,A00522,Kyenjojo - Fortportal,30.392845,0.642924,2019,5,2447.0,497.0,1381.0,273.0,96.5,193.0,7.887208827135268,0.11,-9.64,ATC_permanent,West
A005_Link10,A00522,Kyenjojo - Fortportal,30.392845,0.642924,2019,6,2381.0,486.0,1319.0,274.0,108.0,216.0,9.071818563628728,0.11,-9.64,ATC_permanent,West
A005_Link10,A00522,Kyenjojo - Fortportal,30.392845,0.642924,2019,7,2260.0,311.0,1456.0,251.0,88.5,177.0,7.831858407079646,0.11,-9.64,ATC_permanent,West
A005_Link10,A00522,Kyenjojo - Fortportal,30.392845,0.642924,2019,8,2296.0,372.0,1445.0,251.0,82.5,165.0,7.186411149825784,0.11,-9.64,ATC_permanent,West
A005_Link10,A00522,Kyenjojo - Fortportal,30.392845,0.642924,2019,9,2317.0,606.0,1207.0,219.0,90.0,180.0,7.768666378938283,0.11,-9.64,ATC_permanent,West
A005_Link10,A00522,Kyenjojo - Fortportal,30.392845,0.642924,2019,10,2273.0,589.0,1203.0,206.0,90.5,181.0,7.96304443466784,0.11,-9.64,ATC_permanent,West
A005_Link10,A00522,Kyenjojo - Fortportal,30.392845,0.642924,2019,11,2467.0,391.0,1487.0,287.0,102.5,205.0,8.309687880016215,0.11,-9.64,ATC_permanent,West
A005_Link10,A00522,Kyenjojo - Fortportal,30.392845,0.642924,2019,12,2623.0,408.0,1624.0,286.0,97.5,195.0,7.434235608082348,0.11,-9.64,ATC_permanent,West
A005_Link10,A00522,Kyenjojo - Fortportal,30.392845,0.642924,2020,2,2570.0,531.0,1460.0,255.0,101.5,203.0,7.898832684824902,0.11,-9.64,ATC_permanent,West
A005_Link10,A00522,Kyenjojo - Fortportal,30.392845,0.642924,2020,3,1983.0,386.0,1258.0,180.0,71.5,143.0,7.211296016137165,0.11,-9.64,ATC_permanent,West
A005_Link10,A00522,Kyenjojo - Fortportal,30.392845,0.642924,2020,8,2726.0,699.0,1579.0,242.0,91.5,183.0,6.7131327953044755,0.11,-9.64,ATC_permanent,West
A005_Link10,A00522,Kyenjojo - Fortportal,30.392845,0.642924,2020,9,2625.0,533.0,1672.0,229.0,84.0,168.0,6.4,0.11,-9.64,ATC_permanent,West
A005_Link10,A00522,Kyenjojo - Fortportal,30.392845,0.642924,2020,11,2809.0,672.0,1647.0,248.0,92.0,184.0,6.550373798504807,0.11,-9.64,ATC_permanent,West
A005_Link10,A00522,Kyenjojo - Fortportal,30.392845,0.642924,2020,12,3049.0,643.0,1917.0,267.0,89.5,179.0,5.870777304034109,0.11,-9.64,ATC_permanent,West
A005_Link10,A00522,Kyenjojo - Fortportal,30.392845,0.642924,2021,2,2993.0,1057.0,1379.0,270.0,83.0,166.0,5.5462746408286,0.11,-9.64,ATC_permanent,West
A005_Link10,A00522,Kyenjojo - Fortportal,30.392845,0.642924,2021,4,3000.0,956.0,1519.0,247.0,83.0,166.0,5.533333333333333,0.11,-9.64,ATC_permanent,West
A005_Link10,A00522,Kyenjojo - Fortportal,30.392845,0.642924,2021,5,2985.0,1027.0,1439.0,251.0,76.5,153.0,5.125628140703518,0.11,-9.64,ATC_permanent,West
A005_Link10,A00522,Kyenjojo - Fortportal,30.392845,0.642924,2021,10,2952.0,938.0,1487.0,246.0,82.5,165.0,5.589430894308943,0.11,-9.64,ATC_permanent,West
A005_Link10,A00522,Kyenjojo - Fortportal,30.392845,0.642924,2021,12,2916.0,761.0,1701.0,245.0,79.5,159.0,5.4526748971193415,0.11,-9.64,ATC_permanent,West
A005_Link10,A00522,Kyenjojo - Fortportal,30.392845,0.642924,2022,4,1441.0,756.0,591.0,58.0,14.0,28.0,1.9430950728660652,0.11,-9.64,ATC_permanent,West
A005_Link10,A00522,Kyenjojo - Fortportal,30.392845,0.642924,2022,5,2075.0,731.0,878.0,168.0,79.0,158.0,7.614457831325301,0.11,-9.64,ATC_permanent,West
C920_Link01,C92001,Kumi - Brooks corner,33.9341,1.48769,2021,4,2342.0,1797.0,469.0,59.0,6.5,13.0,0.5550811272416738,0.11,-42.44,ATC_permanent,North East
C920_Link01,C92001,Kumi - Brooks corner,33.9341,1.48769,2021,5,2506.0,1177.0,1222.0,82.0,11.5,23.0,0.9177972865123704,0.11,-42.44,ATC_permanent,North East
C920_Link01,C92001,Kumi - Brooks corner,33.9341,1.48769,2021,10,573.0,527.0,46.0,0.0,0.0,0.0,0.0,0.11,-42.44,ATC_permanent,North East
C920_Link01,C92001,Kumi - Brooks corner,33.9341,1.48769,2021,11,2145.0,1599.0,507.0,34.0,2.5,5.0,0.2331002331002331,0.11,-42.44,ATC_permanent,North East
B101_Link01,B101_LINK01,Mukono - Kalagi,32.808814,0.589747,2019,1,5120.0,1518.0,2984.0,476.0,61.5,123.0,2.40234375,0.11,-13.84,ATC_permanent,Central
B101_Link01,B101_LINK01,Mukono - Kalagi,32.808814,0.589747,2019,4,5037.0,1616.0,2911.0,380.0,57.0,114.0,2.2632519356759975,0.11,-13.84,ATC_permanent,Central
B101_Link01,B101_LINK01,Mukono - Kalagi,32.808814,0.589747,2019,6,5174.0,1839.0,2737.0,449.0,63.0,126.0,2.435253189022033,0.11,-13.84,ATC_permanent,Central
B101_Link01,B101_LINK01,Mukono - Kalagi,32.808814,0.589747,2019,7,4875.0,1578.0,2736.0,418.0,56.0,112.0,2.2974358974358977,0.11,-13.84,ATC_permanent,Central
B101_Link01,B101_LINK01,Mukono - Kalagi,32.808814,0.589747,2019,8,5143.0,1608.0,2938.0,452.0,58.0,116.0,2.2554929029749173,0.11,-13.84,ATC_permanent,Central
B101_Link01,B101_LINK01,Mukono - Kalagi,32.808814,0.589747,2019,9,5308.0,1790.0,2961.0,428.0,53.0,106.0,1.9969856819894498,0.11,-13.84,ATC_permanent,Central
B101_Link01,B101_LINK01,Mukono - Kalagi,32.808814,0.589747,2019,10,5516.0,1932.0,2959.0,465.0,66.0,132.0,2.393038433647571,0.11,-13.84,ATC_permanent,Central
B101_Link01,B101_LINK01,Mukono - Kalagi,32.808814,0.589747,2019,12,3549.0,1383.0,1776.0,278.0,45.0,90.0,2.53592561284869,0.11,-13.84,ATC_permanent,Central
B101_Link01,B101_LINK01,Mukono - Kalagi,32.808814,0.589747,2020,1,5399.0,1983.0,2824.0,409.0,72.0,144.0,2.667160585293573,0.11,-13.84,ATC_permanent,Central
B101_Link01,B101_LINK01,Mukono - Kalagi,32.808814,0.589747,2020,2,4669.0,1902.0,2192.0,397.0,67.5,135.0,2.8914114371385735,0.11,-13.84,ATC_permanent,Central
B101_Link01,B101_LINK01,Mukono - Kalagi,32.808814,0.589747,2020,3,5558.0,2059.0,2870.0,454.0,66.5,133.0,2.392947103274559,0.11,-13.84,ATC_permanent,Central
B101_Link01,B101_LINK01,Mukono - Kalagi,32.808814,0.589747,2020,8,6060.0,2772.0,2706.0,445.0,56.5,113.0,1.864686468646865,0.11,-13.84,ATC_permanent,Central
B101_Link01,B101_LINK01,Mukono - Kalagi,32.808814,0.589747,2020,9,5756.0,2616.0,2515.0,458.0,69.5,139.0,2.414871438498958,0.11,-13.84,ATC_permanent,Central
B101_Link01,B101_LINK01,Mukono - Kalagi,32.808814,0.589747,2020,10,6536.0,2994.0,2924.0,468.0,59.5,119.0,1.8206854345165238,0.11,-13.84,ATC_permanent,Central
B101_Link01,B101_LINK01,Mukono - Kalagi,32.808814,0.589747,2020,12,3365.0,1318.0,1693.0,246.0,42.0,84.0,2.4962852897473997,0.11,-13.84,ATC_permanent,Central
B101_Link01,B101_LINK01,Mukono - Kalagi,32.808814,0.589747,2021,1,4923.0,1846.0,2360.0,486.0,92.5,185.0,3.7578712167377613,0.11,-13.84,ATC_permanent,Central
B101_Link01,B101_LINK01,Mukono - Kalagi,32.808814,0.589747,2021,2,5954.0,2174.0,2988.0,544.0,97.0,194.0,3.258313738663084,0.11,-13.84,ATC_permanent,Central
B101_Link01,B101_LINK01,Mukono - Kalagi,32.808814,0.589747,2021,3,6491.0,3168.0,2588.0,478.0,98.5,197.0,3.0349714989986136,0.11,-13.84,ATC_permanent,Central
B101_Link01,B101_LINK01,Mukono - Kalagi,32.808814,0.589747,2021,4,3597.0,1253.0,1942.0,280.0,45.0,90.0,2.5020850708924103,0.11,-13.84,ATC_permanent,Central
B101_Link01,B101_LINK01,Mukono - Kalagi,32.808814,0.589747,2021,5,8066.0,3627.0,3675.0,576.0,71.5,143.0,1.7728737912224153,0.11,-13.84,ATC_permanent,Central
B101_Link01,B101_LINK01,Mukono - Kalagi,32.808814,0.589747,2021,6,8546.0,3629.0,4137.0,593.0,74.0,148.0,1.7318043529136438,0.11,-13.84,ATC_permanent,Central
B101_Link01,B101_LINK01,Mukono - Kalagi,32.808814,0.589747,2021,10,5721.0,2767.0,2406.0,396.0,59.5,119.0,2.0800559342772242,0.11,-13.84,ATC_permanent,Central
B101_Link01,B101_LINK01,Mukono - Kalagi,32.808814,0.589747,2022,4,3023.0,689.0,1805.0,244.0,101.0,202.0,6.68210387032749,0.11,-13.84,ATC_permanent,Central
B101_Link01,B101_LINK01,Mukono - Kalagi,32.808814,0.589747,2022,5,3300.0,749.0,2028.0,243.0,97.5,195.0,5.909090909090909,0.11,-13.84,ATC_permanent,Central
C920_Link01,C92001,Kumi - Brooks corner,33.9341,1.48769,2021,12,429.0,409.0,20.0,0.0,0.0,0.0,0.0,0.11,-42.44,ATC_permanent,North East
B102_Link01,B10202,Njeru - Bukoloto,33.000428,0.618155,2019,1,3961.0,1802.0,1934.0,180.0,19.5,39.0,0.9845998485231002,0.11,-0.94,ATC_permanent,Central
B102_Link01,B10202,Njeru - Bukoloto,33.000428,0.618155,2019,4,4326.0,1886.0,2206.0,197.0,17.0,34.0,0.7859454461396209,0.11,-0.94,ATC_permanent,Central
B102_Link01,B10202,Njeru - Bukoloto,33.000428,0.618155,2019,5,3865.0,1909.0,1754.0,163.0,14.5,29.0,0.7503234152652005,0.11,-0.94,ATC_permanent,Central
B102_Link01,B10202,Njeru - Bukoloto,33.000428,0.618155,2019,6,4294.0,1968.0,1956.0,250.0,48.0,96.0,2.235677689799721,0.11,-0.94,ATC_permanent,Central
B102_Link01,B10202,Njeru - Bukoloto,33.000428,0.618155,2019,7,4253.0,1707.0,2178.0,243.0,51.0,102.0,2.3983070773571598,0.11,-0.94,ATC_permanent,Central
B102_Link01,B10202,Njeru - Bukoloto,33.000428,0.618155,2019,8,4143.0,1555.0,2233.0,247.0,42.5,85.0,2.05165339126237,0.11,-0.94,ATC_permanent,Central
B102_Link01,B10202,Njeru - Bukoloto,33.000428,0.618155,2019,9,4421.0,1804.0,2213.0,279.0,50.5,101.0,2.2845510065596017,0.11,-0.94,ATC_permanent,Central
B102_Link01,B10202,Njeru - Bukoloto,33.000428,0.618155,2019,10,4369.0,1755.0,2216.0,288.0,46.0,92.0,2.1057450217441063,0.11,-0.94,ATC_permanent,Central
B102_Link01,B10202,Njeru - Bukoloto,33.000428,0.618155,2019,11,4514.0,1890.0,2239.0,288.0,40.5,81.0,1.79441736818786,0.11,-0.94,ATC_permanent,Central
B102_Link01,B10202,Njeru - Bukoloto,33.000428,0.618155,2019,12,4786.0,1627.0,2644.0,366.0,62.5,125.0,2.6117843710823236,0.11,-0.94,ATC_permanent,Central
B102_Link01,B10202,Njeru - Bukoloto,33.000428,0.618155,2020,2,4500.0,2256.0,1841.0,267.0,54.5,109.0,2.422222222222222,0.11,-0.94,ATC_permanent,Central
B102_Link01,B10202,Njeru - Bukoloto,33.000428,0.618155,2020,3,2197.0,1195.0,815.0,117.0,28.0,56.0,2.548930359581247,0.11,-0.94,ATC_permanent,Central
B102_Link01,B10202,Njeru - Bukoloto,33.000428,0.618155,2020,10,3549.0,1957.0,1269.0,214.0,47.0,94.0,2.648633417864187,0.11,-0.94,ATC_permanent,Central
B102_Link01,B10202,Njeru - Bukoloto,33.000428,0.618155,2020,12,5071.0,2209.0,2465.0,278.0,55.0,110.0,2.1691973969631237,0.11,-0.94,ATC_permanent,Central
B102_Link01,B10202,Njeru - Bukoloto,33.000428,0.618155,2021,1,4222.0,2299.0,1519.0,275.0,53.5,107.0,2.534343912837518,0.11,-0.94,ATC_permanent,Central
B102_Link01,B10202,Njeru - Bukoloto,33.000428,0.618155,2021,2,5344.0,2608.0,2237.0,315.0,75.0,150.0,2.80688622754491,0.11,-0.94,ATC_permanent,Central
B102_Link01,B10202,Njeru - Bukoloto,33.000428,0.618155,2021,3,2675.0,1097.0,1357.0,136.0,38.0,76.0,2.8411214953271027,0.11,-0.94,ATC_permanent,Central
B102_Link01,B10202,Njeru - Bukoloto,33.000428,0.618155,2021,4,5127.0,2309.0,2457.0,252.0,52.5,105.0,2.047981275599766,0.11,-0.94,ATC_permanent,Central
B102_Link01,B10202,Njeru - Bukoloto,33.000428,0.618155,2021,5,5405.0,2375.0,2687.0,245.0,47.0,94.0,1.7391304347826086,0.11,-0.94,ATC_permanent,Central
B102_Link01,B10202,Njeru - Bukoloto,33.000428,0.618155,2021,10,3312.0,1482.0,1655.0,137.0,18.0,36.0,1.0869565217391304,0.11,-0.94,ATC_permanent,Central
B102_Link01,B10202,Njeru - Bukoloto,33.000428,0.618155,2021,12,3408.0,1923.0,1174.0,167.0,51.5,103.0,3.022300469483568,0.11,-0.94,ATC_permanent,Central
B150_Link03,B15005,Ibanda - Kamwenje Road,30.440641,0.140984,2019,1,2307.0,1545.0,632.0,77.0,19.0,38.0,1.6471608149111399,0.11,-35.24,ATC_permanent,South
B150_Link03,B15005,Ibanda - Kamwenje Road,30.440641,0.140984,2019,4,2510.0,1366.0,975.0,115.0,19.5,39.0,1.5537848605577689,0.11,-35.24,ATC_permanent,South
B150_Link03,B15005,Ibanda - Kamwenje Road,30.440641,0.140984,2019,5,2393.0,1308.0,960.0,87.0,14.0,28.0,1.170079398244881,0.11,-35.24,ATC_permanent,South
B150_Link03,B15005,Ibanda - Kamwenje Road,30.440641,0.140984,2019,6,2458.0,1350.0,954.0,104.0,17.5,35.0,1.4239218877135882,0.11,-35.24,ATC_permanent,South
B150_Link03,B15005,Ibanda - Kamwenje Road,30.440641,0.140984,2019,7,2498.0,1509.0,852.0,90.0,16.5,33.0,1.3210568454763811,0.11,-35.24,ATC_permanent,South
B150_Link03,B15005,Ibanda - Kamwenje Road,30.440641,0.140984,2019,8,1895.0,1308.0,470.0,59.0,20.0,40.0,2.1108179419525066,0.11,-35.24,ATC_permanent,South
B150_Link03,B15005,Ibanda - Kamwenje Road,30.440641,0.140984,2019,9,2368.0,1097.0,950.0,249.0,27.0,54.0,2.2804054054054053,0.11,-35.24,ATC_permanent,South
B150_Link03,B15005,Ibanda - Kamwenje Road,30.440641,0.140984,2019,10,2257.0,1471.0,654.0,73.0,22.0,44.0,1.9494904740806378,0.11,-35.24,ATC_permanent,South
B150_Link03,B15005,Ibanda - Kamwenje Road,30.440641,0.140984,2019,11,2438.0,1385.0,832.0,136.0,29.5,59.0,2.4200164068908943,0.11,-35.24,ATC_permanent,South
B150_Link03,B15005,Ibanda - Kamwenje Road,30.440641,0.140984,2019,12,3025.0,2010.0,808.0,123.0,27.5,55.0,1.8181818181818181,0.11,-35.24,ATC_permanent,South
B150_Link03,B15005,Ibanda - Kamwenje Road,30.440641,0.140984,2020,1,2407.0,973.0,1078.0,279.0,26.5,53.0,2.201911092646448,0.11,-35.24,ATC_permanent,South
B150_Link03,B15005,Ibanda - Kamwenje Road,30.440641,0.140984,2020,2,2546.0,1621.0,783.0,84.0,18.0,36.0,1.4139827179890023,0.11,-35.24,ATC_permanent,South
B150_Link03,B15005,Ibanda - Kamwenje Road,30.440641,0.140984,2020,9,2591.0,,,,,,1.768403459050941,0.11,-35.24,ATC_permanent,South
B150_Link03,B15005,Ibanda - Kamwenje Road,30.440641,0.140984,2020,10,2573.0,1562.0,835.0,117.0,26.0,52.0,2.0209871745044694,0.11,-35.24,ATC_permanent,South
B150_Link03,B15005,Ibanda - Kamwenje Road,30.440641,0.140984,2020,11,2502.0,1526.0,816.0,101.0,21.5,43.0,1.7186250999200638,0.11,-35.24,ATC_permanent,South
B150_Link03,B15005,Ibanda - Kamwenje Road,30.440641,0.140984,2020,12,3044.0,623.0,1924.0,275.0,88.5,177.0,5.814717477003942,0.11,-35.24,ATC_permanent,South
B150_Link03,B15005,Ibanda - Kamwenje Road,30.440641,0.140984,2021,1,2503.0,830.0,1570.0,76.0,8.0,16.0,0.6392329204954055,0.11,-35.24,ATC_permanent,South
B150_Link03,B15005,Ibanda - Kamwenje Road,30.440641,0.140984,2021,2,2847.0,1610.0,1018.0,154.0,24.0,48.0,1.685985247629083,0.11,-35.24,ATC_permanent,South
B150_Link03,B15005,Ibanda - Kamwenje Road,30.440641,0.140984,2021,3,2596.0,1436.0,1056.0,73.0,10.5,21.0,0.8089368258859784,0.11,-35.24,ATC_permanent,South
B150_Link03,B15005,Ibanda - Kamwenje Road,30.440641,0.140984,2021,4,2679.0,1308.0,1243.0,89.0,11.5,23.0,0.8585293019783502,0.11,-35.24,ATC_permanent,South
B150_Link03,B15005,Ibanda - Kamwenje Road,30.440641,0.140984,2021,5,3026.0,1848.0,990.0,130.0,22.0,44.0,1.4540647719762063,0.11,-35.24,ATC_permanent,South
B150_Link03,B15005,Ibanda - Kamwenje Road,30.440641,0.140984,2021,6,3032.0,1892.0,969.0,106.0,24.5,49.0,1.6160949868073877,0.11,-35.24,ATC_permanent,South
B150_Link03,B15005,Ibanda - Kamwenje Road,30.440641,0.140984,2021,10,2590.0,,,,,,1.768403459050941,0.11,-35.24,ATC_permanent,South
B150_Link03,B15005,Ibanda - Kamwenje Road,30.440641,0.140984,2021,11,2449.0,1548.0,783.0,67.0,24.0,48.0,1.9599836668027768,0.11,-35.24,ATC_permanent,South
B150_Link03,B15005,Ibanda - Kamwenje Road,30.440641,0.140984,2021,12,2994.0,1522.0,1383.0,56.0,8.5,17.0,0.5678022712090849,0.11,-35.24,ATC_permanent,South
B150_Link03,B15005,Ibanda - Kamwenje Road,30.440641,0.140984,2022,4,656.0,131.0,487.0,33.0,2.5,5.0,0.7621951219512195,0.11,-35.24,ATC_permanent,South
C920_Link01,C92001,Kumi - Brooks corner,33.9341,1.48769,2022,1,450.0,430.0,20.0,0.0,0.0,0.0,0.0,0.11,-42.44,ATC_permanent,North East
B305_Link01,B30501,Tirinyi - Budaka - Kamonkoli,33.749118,1.088482,2019,12,5156.0,2542.0,1915.0,335.0,134.5,269.0,5.21722265321955,0.11,-1.95,ATC_permanent,East
B305_Link01,B30501,Tirinyi - Budaka - Kamonkoli,33.749118,1.088482,2020,2,5839.0,3266.0,1912.0,324.0,140.5,281.0,4.812467888337045,0.11,-1.95,ATC_permanent,East
B305_Link01,B30501,Tirinyi - Budaka - Kamonkoli,33.749118,1.088482,2020,3,3886.0,773.0,1810.0,847.0,168.0,336.0,8.646423057128153,0.11,-1.95,ATC_permanent,East
B305_Link01,B30501,Tirinyi - Budaka - Kamonkoli,33.749118,1.088482,2020,8,3946.0,390.0,1970.0,875.0,206.5,413.0,10.466294982260518,0.11,-1.95,ATC_permanent,East
B305_Link01,B30501,Tirinyi - Budaka - Kamonkoli,33.749118,1.088482,2020,9,2512.0,1219.0,991.0,203.0,40.0,80.0,3.1847133757961785,0.11,-1.95,ATC_permanent,East
B305_Link01,B30501,Tirinyi - Budaka - Kamonkoli,33.749118,1.088482,2020,12,6780.0,3790.0,2142.0,381.0,179.5,359.0,5.294985250737463,0.11,-1.95,ATC_permanent,East
B305_Link01,B30501,Tirinyi - Budaka - Kamonkoli,33.749118,1.088482,2021,1,3960.0,2226.0,1287.0,193.0,96.0,192.0,4.848484848484849,0.11,-1.95,ATC_permanent,East
B305_Link01,B30501,Tirinyi - Budaka - Kamonkoli,33.749118,1.088482,2021,2,4785.0,530.0,2376.0,1039.0,241.5,483.0,10.094043887147336,0.11,-1.95,ATC_permanent,East
B305_Link01,B30501,Tirinyi - Budaka - Kamonkoli,33.749118,1.088482,2021,3,4494.0,479.0,2337.0,952.0,201.5,403.0,8.967512238540277,0.11,-1.95,ATC_permanent,East
B305_Link01,B30501,Tirinyi - Budaka - Kamonkoli,33.749118,1.088482,2021,4,5850.0,3299.0,1902.0,286.0,135.5,271.0,4.632478632478632,0.11,-1.95,ATC_permanent,East
B305_Link01,B30501,Tirinyi - Budaka - Kamonkoli,33.749118,1.088482,2021,5,5701.0,3346.0,1793.0,259.0,114.0,228.0,3.9992983687072443,0.11,-1.95,ATC_permanent,East
B305_Link01,B30501,Tirinyi - Budaka - Kamonkoli,33.749118,1.088482,2021,10,4553.0,2545.0,1461.0,267.0,105.0,210.0,4.612343509773775,0.11,-1.95,ATC_permanent,East
B305_Link01,B30501,Tirinyi - Budaka - Kamonkoli,33.749118,1.088482,2021,11,4823.0,2336.0,1858.0,324.0,114.0,228.0,4.727348123574539,0.11,-1.95,ATC_permanent,East
B305_Link01,B30501,Tirinyi - Budaka - Kamonkoli,33.749118,1.088482,2021,12,5487.0,2921.0,1920.0,319.0,121.0,242.0,4.41042464005832,0.11,-1.95,ATC_permanent,East
C194_Link02,C19402,Kasangati - Kyaliwajala,32.627893,0.412133,2019,1,4438.0,1489.0,2635.0,250.0,30.0,60.0,1.35196034249662,0.11,13.72,ATC_permanent,Central
C194_Link02,C19402,Kasangati - Kyaliwajala,32.627893,0.412133,2019,5,5666.0,1814.0,3306.0,426.0,55.0,110.0,1.941404871161313,0.11,13.72,ATC_permanent,Central
C194_Link02,C19402,Kasangati - Kyaliwajala,32.627893,0.412133,2019,6,5514.0,1837.0,3095.0,459.0,54.5,109.0,1.9767863619876678,0.11,13.72,ATC_permanent,Central
C194_Link02,C19402,Kasangati - Kyaliwajala,32.627893,0.412133,2019,7,4827.0,1283.0,3055.0,371.0,54.0,108.0,2.237414543194531,0.11,13.72,ATC_permanent,Central
C194_Link02,C19402,Kasangati - Kyaliwajala,32.627893,0.412133,2019,8,4866.0,1613.0,2800.0,340.0,51.5,103.0,2.1167283189478012,0.11,13.72,ATC_permanent,Central
C194_Link02,C19402,Kasangati - Kyaliwajala,32.627893,0.412133,2019,9,4820.0,1401.0,3071.0,273.0,34.5,69.0,1.4315352697095436,0.11,13.72,ATC_permanent,Central
C194_Link02,C19402,Kasangati - Kyaliwajala,32.627893,0.412133,2019,10,5007.0,1513.0,3226.0,207.0,28.0,56.0,1.1184341921310166,0.11,13.72,ATC_permanent,Central
C194_Link02,C19402,Kasangati - Kyaliwajala,32.627893,0.412133,2019,11,6267.0,1110.0,4739.0,337.0,39.0,78.0,1.2446146481570128,0.11,13.72,ATC_permanent,Central
C194_Link02,C19402,Kasangati - Kyaliwajala,32.627893,0.412133,2019,12,5277.0,907.0,4002.0,297.0,33.0,66.0,1.250710631040364,0.11,13.72,ATC_permanent,Central
C194_Link02,C19402,Kasangati - Kyaliwajala,32.627893,0.412133,2020,2,6472.0,1395.0,4572.0,384.0,57.5,115.0,1.776885043263288,0.11,13.72,ATC_permanent,Central
C194_Link02,C19402,Kasangati - Kyaliwajala,32.627893,0.412133,2020,3,3968.0,1381.0,2252.0,256.0,36.5,73.0,1.839717741935484,0.11,13.72,ATC_permanent,Central
C194_Link02,C19402,Kasangati - Kyaliwajala,32.627893,0.412133,2020,8,6786.0,1937.0,4320.0,403.0,59.5,119.0,1.7536103743000293,0.11,13.72,ATC_permanent,Central
C194_Link02,C19402,Kasangati - Kyaliwajala,32.627893,0.412133,2020,9,6436.0,1927.0,3984.0,400.0,59.0,118.0,1.8334369173399627,0.11,13.72,ATC_permanent,Central
C194_Link02,C19402,Kasangati - Kyaliwajala,32.627893,0.412133,2020,11,5940.0,2532.0,3002.0,298.0,49.5,99.0,1.6666666666666667,0.11,13.72,ATC_permanent,Central
C194_Link02,C19402,Kasangati - Kyaliwajala,32.627893,0.412133,2020,12,5790.0,2304.0,3066.0,318.0,45.5,91.0,1.5716753022452505,0.11,13.72,ATC_permanent,Central
C214_Link01,C21401,Lyantonde - Ntusi,31.26532,-0.569819,2019,4,524.0,223.0,254.0,35.0,6.0,12.0,2.2900763358778624,0.11,3.95,ATC_permanent,Central
C214_Link01,C21401,Lyantonde - Ntusi,31.26532,-0.569819,2019,5,637.0,248.0,318.0,48.0,10.5,21.0,3.296703296703297,0.11,3.95,ATC_permanent,Central
C214_Link01,C21401,Lyantonde - Ntusi,31.26532,-0.569819,2019,6,680.0,200.0,421.0,41.0,8.5,17.0,2.5,0.11,3.95,ATC_permanent,Central
C214_Link01,C21401,Lyantonde - Ntusi,31.26532,-0.569819,2019,7,605.0,145.0,406.0,37.0,8.5,17.0,2.809917355371901,0.11,3.95,ATC_permanent,Central
C214_Link01,C21401,Lyantonde - Ntusi,31.26532,-0.569819,2019,8,639.0,155.0,423.0,38.0,11.0,22.0,3.4428794992175273,0.11,3.95,ATC_permanent,Central
C214_Link01,C21401,Lyantonde - Ntusi,31.26532,-0.569819,2019,9,647.0,210.0,397.0,29.0,5.0,10.0,1.545595054095827,0.11,3.95,ATC_permanent,Central
C214_Link01,C21401,Lyantonde - Ntusi,31.26532,-0.569819,2019,10,539.0,207.0,291.0,29.0,6.0,12.0,2.2263450834879404,0.11,3.95,ATC_permanent,Central
C214_Link01,C21401,Lyantonde - Ntusi,31.26532,-0.569819,2019,11,658.0,228.0,385.0,33.0,5.5,11.0,1.6717325227963524,0.11,3.95,ATC_permanent,Central
C214_Link01,C21401,Lyantonde - Ntusi,31.26532,-0.569819,2019,12,776.0,314.0,411.0,41.0,5.0,10.0,1.2886597938144329,0.11,3.95,ATC_permanent,Central
C214_Link01,C21401,Lyantonde - Ntusi,31.26532,-0.569819,2020,1,699.0,280.0,370.0,39.0,4.0,8.0,1.144492131616595,0.11,3.95,ATC_permanent,Central
C214_Link01,C21401,Lyantonde - Ntusi,31.26532,-0.569819,2020,2,684.0,236.0,400.0,34.0,6.5,13.0,1.9005847953216373,0.11,3.95,ATC_permanent,Central
C214_Link01,C21401,Lyantonde - Ntusi,31.26532,-0.569819,2020,9,790.0,274.0,474.0,34.0,4.0,8.0,1.0126582278481013,0.11,3.95,ATC_permanent,Central
C214_Link01,C21401,Lyantonde - Ntusi,31.26532,-0.569819,2020,10,682.0,251.0,383.0,34.0,5.5,11.0,1.6129032258064515,0.11,3.95,ATC_permanent,Central
C214_Link01,C21401,Lyantonde - Ntusi,31.26532,-0.569819,2020,11,695.0,175.0,467.0,39.0,7.0,14.0,2.014388489208633,0.11,3.95,ATC_permanent,Central
C214_Link01,C21401,Lyantonde - Ntusi,31.26532,-0.569819,2020,12,618.0,472.0,142.0,3.0,0.5,1.0,0.16181229773462785,0.11,3.95,ATC_permanent,Central
C214_Link01,C21401,Lyantonde - Ntusi,31.26532,-0.569819,2021,1,524.0,415.0,103.0,4.0,0.5,1.0,0.19083969465648853,0.11,3.95,ATC_permanent,Central
C214_Link01,C21401,Lyantonde - Ntusi,31.26532,-0.569819,2021,2,662.0,460.0,200.0,2.0,0.0,0.0,0.0,0.11,3.95,ATC_permanent,Central
C214_Link01,C21401,Lyantonde - Ntusi,31.26532,-0.569819,2021,3,718.0,467.0,220.0,19.0,5.5,11.0,1.532033426183844,0.11,3.95,ATC_permanent,Central
C214_Link01,C21401,Lyantonde - Ntusi,31.26532,-0.569819,2021,4,484.0,374.0,101.0,8.0,0.5,1.0,0.2066115702479339,0.11,3.95,ATC_permanent,Central
C214_Link01,C21401,Lyantonde - Ntusi,31.26532,-0.569819,2021,5,673.0,147.0,504.0,19.0,1.5,3.0,0.44576523031203563,0.11,3.95,ATC_permanent,Central
C214_Link01,C21401,Lyantonde - Ntusi,31.26532,-0.569819,2021,6,721.0,202.0,491.0,26.0,1.0,2.0,0.27739251040221913,0.11,3.95,ATC_permanent,Central
C214_Link01,C21401,Lyantonde - Ntusi,31.26532,-0.569819,2021,10,758.0,551.0,192.0,13.0,0.5,1.0,0.13192612137203166,0.11,3.95,ATC_permanent,Central
C214_Link01,C21401,Lyantonde - Ntusi,31.26532,-0.569819,2021,11,826.0,573.0,234.0,16.0,0.5,1.0,0.12106537530266344,0.11,3.95,ATC_permanent,Central
C214_Link01,C21401,Lyantonde - Ntusi,31.26532,-0.569819,2021,12,799.0,414.0,347.0,36.0,0.5,1.0,0.1251564455569462,0.11,3.95,ATC_permanent,Central
C433_Link01,C43301,Ishaka - Katunguru,29.848275,-1.015023,2019,2,1696.0,427.0,790.0,163.0,84.5,169.0,9.964622641509434,0.11,-1.37,ATC_permanent,South
C433_Link01,C43301,Ishaka - Katunguru,29.848275,-1.015023,2021,1,1626.0,686.0,796.0,83.0,29.0,58.0,3.5670356703567037,0.11,-1.37,ATC_permanent,South
C433_Link01,C43301,Ishaka - Katunguru,29.848275,-1.015023,2021,2,1626.0,,,,,,1.768403459050941,0.11,-1.37,ATC_permanent,South
C433_Link01,C43301,Ishaka - Katunguru,29.848275,-1.015023,2021,4,1572.0,587.0,701.0,100.0,44.5,89.0,5.661577608142494,0.11,-1.37,ATC_permanent,South
C433_Link01,C43301,Ishaka - Katunguru,29.848275,-1.015023,2021,5,1473.0,601.0,589.0,98.0,42.0,84.0,5.7026476578411405,0.11,-1.37,ATC_permanent,South
C433_Link01,C43301,Ishaka - Katunguru,29.848275,-1.015023,2021,10,1675.0,807.0,677.0,105.0,32.5,65.0,3.880597014925373,0.11,-1.37,ATC_permanent,South
C433_Link01,C43301,Ishaka - Katunguru,29.848275,-1.015023,2021,12,1833.0,903.0,711.0,111.0,37.5,75.0,4.091653027823241,0.11,-1.37,ATC_permanent,South
C433_Link01,C43301,Ishaka - Katunguru,29.848275,-1.015023,2022,3,1627.0,847.0,673.0,73.0,13.0,26.0,1.5980331899200986,0.11,-1.37,ATC_permanent,South
C650_Link01,C65001,Lira - Corner Kilak,33.237418,2.405071,2019,1,1598.0,1000.0,440.0,134.0,10.5,21.0,1.3141426783479349,0.11,-6.53,ATC_permanent,North
C650_Link01,C65001,Lira - Corner Kilak,33.237418,2.405071,2019,5,2435.0,1661.0,712.0,58.0,2.0,4.0,0.16427104722792607,0.11,-6.53,ATC_permanent,North
C650_Link01,C65001,Lira - Corner Kilak,33.237418,2.405071,2019,7,2636.0,1586.0,987.0,57.0,3.0,6.0,0.2276176024279211,0.11,-6.53,ATC_permanent,North
C650_Link01,C65001,Lira - Corner Kilak,33.237418,2.405071,2019,8,1936.0,1300.0,530.0,91.0,5.5,11.0,0.5681818181818182,0.11,-6.53,ATC_permanent,North
C650_Link01,C65001,Lira - Corner Kilak,33.237418,2.405071,2019,9,1827.0,1488.0,228.0,91.0,8.5,17.0,0.9304871373836892,0.11,-6.53,ATC_permanent,North
C650_Link01,C65001,Lira - Corner Kilak,33.237418,2.405071,2019,10,2012.0,1672.0,212.0,114.0,6.0,12.0,0.5964214711729622,0.11,-6.53,ATC_permanent,North
C650_Link01,C65001,Lira - Corner Kilak,33.237418,2.405071,2019,11,1261.0,822.0,360.0,70.0,4.0,8.0,0.63441712926249,0.11,-6.53,ATC_permanent,North
C650_Link01,C65001,Lira - Corner Kilak,33.237418,2.405071,2019,12,1876.0,1452.0,350.0,71.0,1.5,3.0,0.15991471215351813,0.11,-6.53,ATC_permanent,North
C650_Link01,C65001,Lira - Corner Kilak,33.237418,2.405071,2020,1,1723.0,1125.0,501.0,90.0,3.0,6.0,0.3482298316889147,0.11,-6.53,ATC_permanent,North
C650_Link01,C65001,Lira - Corner Kilak,33.237418,2.405071,2020,2,1866.0,1391.0,388.0,80.0,3.5,7.0,0.37513397642015006,0.11,-6.53,ATC_permanent,North
C650_Link01,C65001,Lira - Corner Kilak,33.237418,2.405071,2020,3,1680.0,1306.0,271.0,73.0,9.5,19.0,1.130952380952381,0.11,-6.53,ATC_permanent,North
C650_Link01,C65001,Lira - Corner Kilak,33.237418,2.405071,2020,8,2047.0,1206.0,748.0,73.0,7.5,15.0,0.7327796775769418,0.11,-6.53,ATC_permanent,North
C650_Link01,C65001,Lira - Corner Kilak,33.237418,2.405071,2020,9,1795.0,1307.0,418.0,60.0,4.5,9.0,0.5013927576601671,0.11,-6.53,ATC_permanent,North
C650_Link01,C65001,Lira - Corner Kilak,33.237418,2.405071,2020,12,1574.0,1316.0,164.0,78.0,6.5,13.0,0.8259212198221092,0.11,-6.53,ATC_permanent,North
C650_Link01,C65001,Lira - Corner Kilak,33.237418,2.405071,2021,1,1496.0,1124.0,267.0,78.0,11.5,23.0,1.537433155080214,0.11,-6.53,ATC_permanent,North
C650_Link01,C65001,Lira - Corner Kilak,33.237418,2.405071,2021,3,1665.0,1233.0,311.0,90.0,13.5,27.0,1.6216216216216217,0.11,-6.53,ATC_permanent,North
C650_Link01,C65001,Lira - Corner Kilak,33.237418,2.405071,2021,4,1665.0,1356.0,196.0,84.0,12.0,24.0,1.4414414414414414,0.11,-6.53,ATC_permanent,North
C650_Link01,C65001,Lira - Corner Kilak,33.237418,2.405071,2021,5,1385.0,1148.0,144.0,48.0,20.0,40.0,2.888086642599278,0.11,-6.53,ATC_permanent,North
C650_Link01,C65001,Lira - Corner Kilak,33.237418,2.405071,2021,6,779.0,642.0,85.0,30.0,9.5,19.0,2.4390243902439024,0.11,-6.53,ATC_permanent,North
C650_Link01,C65001,Lira - Corner Kilak,33.237418,2.405071,2021,11,1084.0,791.0,195.0,62.0,15.0,30.0,2.7675276752767526,0.11,-6.53,ATC_permanent,North
C650_Link01,C65001,Lira - Corner Kilak,33.237418,2.405071,2021,12,1307.0,951.0,203.0,97.0,25.5,51.0,3.9020657995409334,0.11,-6.53,ATC_permanent,North
C650_Link01,C65001,Lira - Corner Kilak,33.237418,2.405071,2022,1,2020.0,1197.0,616.0,112.0,42.5,85.0,4.207920792079208,0.11,-6.53,ATC_permanent,North
C650_Link01,C65001,Lira - Corner Kilak,33.237418,2.405071,2022,3,1489.0,1216.0,145.0,78.0,22.0,44.0,2.955003357958361,0.11,-6.53,ATC_permanent,North
C650_Link01,C65001,Lira - Corner Kilak,33.237418,2.405071,2022,5,1263.0,1056.0,116.0,55.0,16.0,32.0,2.5336500395882817,0.11,-6.53,ATC_permanent,North
C686_Link01,C68601,Lamogi - Amuru Junction,32.058582,2.827651,2019,1,1177.0,833.0,274.0,60.0,4.0,8.0,0.6796941376380629,0.11,-3.26,ATC_permanent,North
C686_Link01,C68601,Lamogi - Amuru Junction,32.058582,2.827651,2019,3,1028.0,716.0,264.0,38.0,5.0,10.0,0.9727626459143969,0.11,-3.26,ATC_permanent,North
C686_Link01,C68601,Lamogi - Amuru Junction,32.058582,2.827651,2019,4,1019.0,704.0,266.0,39.0,4.5,9.0,0.8832188420019628,0.11,-3.26,ATC_permanent,North
C686_Link01,C68601,Lamogi - Amuru Junction,32.058582,2.827651,2019,5,1063.0,267.0,474.0,100.0,66.0,132.0,12.417685794920038,0.11,-3.26,ATC_permanent,North
C686_Link01,C68601,Lamogi - Amuru Junction,32.058582,2.827651,2019,6,1024.0,208.0,509.0,107.0,63.5,127.0,12.40234375,0.11,-3.26,ATC_permanent,North
C686_Link01,C68601,Lamogi - Amuru Junction,32.058582,2.827651,2019,7,1039.0,191.0,535.0,113.0,64.5,129.0,12.415784408084697,0.11,-3.26,ATC_permanent,North
C686_Link01,C68601,Lamogi - Amuru Junction,32.058582,2.827651,2019,8,1090.0,672.0,373.0,35.0,4.0,8.0,0.7339449541284404,0.11,-3.26,ATC_permanent,North
C686_Link01,C68601,Lamogi - Amuru Junction,32.058582,2.827651,2019,10,1073.0,851.0,154.0,49.0,8.0,16.0,1.4911463187325256,0.11,-3.26,ATC_permanent,North
C686_Link01,C68601,Lamogi - Amuru Junction,32.058582,2.827651,2019,12,1071.0,738.0,272.0,46.0,5.5,11.0,1.0270774976657329,0.11,-3.26,ATC_permanent,North
C686_Link01,C68601,Lamogi - Amuru Junction,32.058582,2.827651,2020,2,1278.0,994.0,207.0,61.0,6.0,12.0,0.9389671361502347,0.11,-3.26,ATC_permanent,North
C686_Link01,C68601,Lamogi - Amuru Junction,32.058582,2.827651,2020,3,1171.0,830.0,261.0,59.0,9.5,19.0,1.6225448334756618,0.11,-3.26,ATC_permanent,North
C686_Link01,C68601,Lamogi - Amuru Junction,32.058582,2.827651,2020,10,1043.0,847.0,130.0,45.0,9.5,19.0,1.821668264621285,0.11,-3.26,ATC_permanent,North
C686_Link01,C68601,Lamogi - Amuru Junction,32.058582,2.827651,2020,12,1142.0,932.0,137.0,55.0,8.0,16.0,1.4010507880910683,0.11,-3.26,ATC_permanent,North
C686_Link01,C68601,Lamogi - Amuru Junction,32.058582,2.827651,2021,1,1124.0,907.0,156.0,53.0,3.5,7.0,0.6227758007117438,0.11,-3.26,ATC_permanent,North
C686_Link01,C68601,Lamogi - Amuru Junction,32.058582,2.827651,2021,2,1267.0,882.0,313.0,59.0,6.0,12.0,0.9471191791633782,0.11,-3.26,ATC_permanent,North
C686_Link01,C68601,Lamogi - Amuru Junction,32.058582,2.827651,2021,3,1185.0,649.0,463.0,61.0,5.0,10.0,0.8438818565400843,0.11,-3.26,ATC_permanent,North
C686_Link01,C68601,Lamogi - Amuru Junction,32.058582,2.827651,2021,4,1167.0,678.0,382.0,68.0,11.5,23.0,1.970865467009426,0.11,-3.26,ATC_permanent,North
C686_Link01,C68601,Lamogi - Amuru Junction,32.058582,2.827651,2021,5,1220.0,925.0,224.0,56.0,5.0,10.0,0.819672131147541,0.11,-3.26,ATC_permanent,North
C686_Link01,C68601,Lamogi - Amuru Junction,32.058582,2.827651,2021,6,1031.0,717.0,266.0,38.0,3.5,7.0,0.6789524733268671,0.11,-3.26,ATC_permanent,North
C686_Link01,C68601,Lamogi - Amuru Junction,32.058582,2.827651,2021,10,1286.0,949.0,263.0,57.0,7.0,14.0,1.088646967340591,0.11,-3.26,ATC_permanent,North
C686_Link01,C68601,Lamogi - Amuru Junction,32.058582,2.827651,2022,1,1373.0,1050.0,245.0,62.0,7.0,14.0,1.0196649672250546,0.11,-3.26,ATC_permanent,North
C686_Link01,C68601,Lamogi - Amuru Junction,32.058582,2.827651,2022,3,1131.0,901.0,160.0,53.0,7.0,14.0,1.237842617152962,0.11,-3.26,ATC_permanent,North
C686_Link01,C68601,Lamogi - Amuru Junction,32.058582,2.827651,2022,5,519.0,376.0,100.0,33.0,4.0,8.0,1.5414258188824663,0.11,-3.26,ATC_permanent,North
C686_Link01,C68601,Lamogi - Amuru Junction,32.058582,2.827651,2022,6,833.0,655.0,128.0,33.0,7.5,15.0,1.800720288115246,0.11,-3.26,ATC_permanent,North
C745_Link01,C74501,Nebi - Olevu,31.049571,2.438181,2019,7,1049.0,253.0,494.0,106.0,66.5,133.0,12.678741658722592,0.11,7.03,ATC_permanent,North
C745_Link01,C74501,Nebi - Olevu,31.049571,2.438181,2019,8,1312.0,660.0,550.0,77.0,9.5,19.0,1.4481707317073171,0.11,7.03,ATC_permanent,North
C745_Link01,C74501,Nebi - Olevu,31.049571,2.438181,2019,9,1146.0,325.0,480.0,98.0,67.0,134.0,11.69284467713787,0.11,7.03,ATC_permanent,North
C745_Link01,C74501,Nebi - Olevu,31.049571,2.438181,2019,10,1073.0,851.0,154.0,49.0,8.0,16.0,1.4911463187325256,0.11,7.03,ATC_permanent,North
C745_Link01,C74501,Nebi - Olevu,31.049571,2.438181,2019,11,1057.0,330.0,392.0,79.0,66.5,133.0,12.582781456953644,0.11,7.03,ATC_permanent,North
C745_Link01,C74501,Nebi - Olevu,31.049571,2.438181,2019,12,956.0,343.0,345.0,54.0,65.0,130.0,13.598326359832635,0.11,7.03,ATC_permanent,North
C745_Link01,C74501,Nebbi - Olevu,31.049571,2.438181,2020,1,1185.0,254.0,528.0,102.0,91.0,182.0,15.358649789029535,0.11,7.03,ATC_permanent,North
C745_Link01,C74501,Nebbi - Olevu,31.049571,2.438181,2020,2,1100.0,,,,,,1.3141426783479349,0.11,7.03,ATC_permanent,North
C745_Link01,C74501,Nebbi - Olevu,31.049571,2.438181,2020,3,506.0,2221.0,506.0,1163.0,792.5,1585.0,60.0,0.11,7.03,ATC_permanent,North
C745_Link01,C74501,Nebbi - Olevu,31.049571,2.438181,2020,8,1121.0,,,,,,1.3141426783479349,0.11,7.03,ATC_permanent,North
C745_Link01,C74501,Nebbi - Olevu,31.049571,2.438181,2020,11,1163.0,,,,,,1.3141426783479349,0.11,7.03,ATC_permanent,North
C745_Link01,C74501,Nebbi - Olevu,31.049571,2.438181,2020,12,1585.0,,,,,,1.3141426783479349,0.11,7.03,ATC_permanent,North
C745_Link01,C74501,Nebbi - Olevu,31.049571,2.438181,2021,1,1789.0,770.0,745.0,88.0,58.0,116.0,6.484069312465064,0.11,7.03,ATC_permanent,North
C745_Link01,C74501,Nebbi - Olevu,31.049571,2.438181,2021,2,1324.0,,,,,,1.3141426783479349,0.11,7.03,ATC_permanent,North
C745_Link01,C74501,Nebbi - Olevu,31.049571,2.438181,2021,3,674.0,1324.0,3196.0,2464.0,649.0,1298.0,60.0,0.11,7.03,ATC_permanent,North
C745_Link01,C74501,Nebbi - Olevu,31.049571,2.438181,2021,4,1350.0,,,,,,1.3141426783479349,0.11,7.03,ATC_permanent,North
C745_Link01,C74501,Nebbi - Olevu,31.049571,2.438181,2021,5,1301.0,,,,,,1.3141426783479349,0.11,7.03,ATC_permanent,North
C745_Link01,C74501,Nebbi - Olevu,31.049571,2.438181,2021,6,1298.0,,,,,,1.3141426783479349,0.11,7.03,ATC_permanent,North
C745_Link01,C74501,Nebbi - Olevu,31.049571,2.438181,2021,10,1172.0,,,,,,1.3141426783479349,0.11,7.03,ATC_permanent,North
C745_Link01,C74501,Nebbi - Olevu,31.049571,2.438181,2021,11,1163.0,,,,,,1.3141426783479349,0.11,7.03,ATC_permanent,North
C920_Link01,C92001,Kumi - Brooks corner,33.9341,1.48769,2019,1,2273.0,1563.0,600.0,92.0,7.5,15.0,0.6599208095028597,0.11,-42.44,ATC_permanent,North East
C920_Link01,C92001,Kumi - Brooks corner,33.9341,1.48769,2019,5,2525.0,1660.0,782.0,72.0,4.5,9.0,0.3564356435643565,0.11,-42.44,ATC_permanent,North East
C920_Link01,C92001,Kumi - Brooks corner,33.9341,1.48769,2019,6,2425.0,1480.0,887.0,52.0,3.0,6.0,0.24742268041237112,0.11,-42.44,ATC_permanent,North East
C920_Link01,C92001,Kumi - Brooks corner,33.9341,1.48769,2019,7,2396.0,1307.0,1034.0,52.0,1.5,3.0,0.12520868113522537,0.11,-42.44,ATC_permanent,North East
C920_Link01,C92001,Kumi - Brooks corner,33.9341,1.48769,2019,8,1842.0,1517.0,219.0,84.0,8.0,16.0,0.8686210640608035,0.11,-42.44,ATC_permanent,North East
C920_Link01,C92001,Kumi - Brooks corner,33.9341,1.48769,2019,9,1856.0,1518.0,226.0,92.0,8.5,17.0,0.9159482758620688,0.11,-42.44,ATC_permanent,North East
C920_Link01,C92001,Kumi - Brooks corner,33.9341,1.48769,2019,10,2615.0,1720.0,832.0,56.0,3.5,7.0,0.26768642447418733,0.11,-42.44,ATC_permanent,North East
C920_Link01,C92001,Kumi - Brooks corner,33.9341,1.48769,2019,12,2949.0,1111.0,1752.0,69.0,6.0,12.0,0.40691759918616477,0.11,-42.44,ATC_permanent,North East
C920_Link01,C92001,Kumi - Brooks corner,33.9341,1.48769,2020,2,2646.0,1074.0,1497.0,69.0,2.5,5.0,0.1889644746787604,0.11,-42.44,ATC_permanent,North East
C920_Link01,C92001,Kumi - Brooks corner,33.9341,1.48769,2020,10,2061.0,1821.0,176.0,44.0,8.5,17.0,0.8248423095584668,0.11,-42.44,ATC_permanent,North East
C920_Link01,C92001,Kumi - Brooks corner,33.9341,1.48769,2020,11,2343.0,1969.0,306.0,53.0,7.5,15.0,0.6402048655569782,0.11,-42.44,ATC_permanent,North East
C920_Link01,C92001,Kumi - Brooks corner,33.9341,1.48769,2020,12,630.0,301.0,267.0,31.0,12.0,24.0,3.8095238095238098,0.11,-42.44,ATC_permanent,North East
A006_Link04,U0001,Luwero - Nakasongola,0.818018,32.503798,2025,7,9960.164129244722,,3143.5086538461537,,2070.0582524271845,4140.116504854369,56.84142737506017,0.11,6.5,ATC_new,Central
A006_Link09,U0007,Kamdini - Minakulu,2.25441,32.34248,2025,7,1547.025,,1366.6756756756756,,733.3148148148148,1466.6296296296296,51.763910754107435,0.11,6.5,ATC_new,Northern
M3Int4_S2,U00010,Zana - Kisubi (Entebbe Road),0.1189,32.52938,2025,7,1949.4073724007562,,1934.2553398058253,,417.79761904761904,835.5952380952381,30.16752039846262,0.11,6.5,ATC_new,Central
A008_Link03,U0008,Pakwachi - Nebbi,2.42511,31.24403,2025,7,1557.8429752066115,,1282.1919191919192,,628.1836734693877,1256.3673469387754,49.49135376515149,0.11,6.5,ATC_new,Northern
A001_Link07,U0003,Iganga - Nakalama,0.62756,33.5143,2025,7,3281.793187347932,,2871.457059679767,,1734.3133971291866,3468.626794258373,54.70947820514767,0.11,6.5,ATC_new,Eastern
A005_Link02,U0009,Kampala - Mityana,0.38527,32.10109,2025,7,1935.2191103789128,,1783.993091537133,,1057.8059701492537,2115.6119402985073,54.25195431401515,0.11,6.5,ATC_new,Central
B101_Link03,U0006,Kayunga - Kangulumira,0.68051,32.92356,2025,7,1694.929745889387,,1668.4102167182662,,501.0267857142857,1002.0535714285714,37.523578334081975,0.11,6.5,ATC_new,Central
C452_Link03,U0005,Ishaka - Kizinda - Rugazi,-0.52679,30.1236,2025,7,2109.7756653992396,,2090.528712871287,,771.7857142857143,1543.5714285714287,42.474653105146416,0.11,6.5,ATC_new,Southern
C002_Link01,U0002,Kampala - Mukono,0.3687,32.73805,2025,7,4492.229233226837,,3866.6255319148936,,2153.358565737052,4306.717131474104,52.692237543952004,0.11,6.5,ATC_new,Central
C165_Link01,U0004,Buwama - Lukaya,0.01665,32.05515,2025,7,1734.8118721461187,,1388.7714285714285,,998.6628959276018,1997.3257918552035,58.98607340056085,0.11,6.5,ATC_new,Central
A007_Link02,A00704,Tororo - Magodes - Nabumali,34.160358,0.923931,2020,6,2835.6,,,,,,4.848484848484849,0.11,6.5,manual_count,East
A007_Link04,A00711,Mbale - Namunsi - Kumi,34.16464,1.14575,2020,6,2290.8,,,,,,4.848484848484849,0.11,6.5,manual_count,East
A012_Link04,A01204,Kamonkoli - Mbale,33.933866,1.013585,2020,6,2280.2,,,,,,4.848484848484849,0.11,6.5,manual_count,East
C939_Link01,C93901,Arapai-Amuria,33.630621,1.905648,2020,6,424.6,,,,,,0.40691759918616477,0.11,6.5,manual_count,North East
B300_Link01,B30001,Namunsi - Sironko,34.182165,1.138424,2020,6,2846.4,,,,,,4.848484848484849,0.11,6.5,manual_count,East
B300_Link03,B30005,Muyembe - Namalu,34.411237,1.475982,2020,6,1115.2,,,,,,4.848484848484849,0.11,6.5,manual_count,East
B300_Link05,B30009,Lokapel - Ariamoi,34.602362,2.320386,2020,6,144.4,,,,,,0.40691759918616477,0.11,6.5,manual_count,North East
B303_Link01,B30301,Soroti - Arapai,33.61628,1.746355,2020,6,2914.0,,,,,,0.40691759918616477,0.11,6.5,manual_count,North East
B304_Link01,B30401,Muyembe - Kaserem - Kapchorwa,34.319641,1.339773,2020,6,1799.8,,,,,,4.848484848484849,0.11,6.5,manual_count,East
B305_Link01,B30501,Tirinyi - Pallisa,33.749118,1.088482,2020,6,1183.0,,,,,,4.848484848484849,0.11,-1.95,manual_count,East
C800_Link01,C80001,Bugiri - Nankoma,33.728199,0.502031,2020,6,510.8,,,,,,4.848484848484849,0.11,6.5,manual_count,East
C806_Link01,C80601,Bugiri - Kiseitaka - Nabukalu - Naigaga,33.688172,0.806054,2020,6,646.4,,,,,,4.848484848484849,0.11,6.5,manual_count,East
C817_Link01,C81701,Nankoma - Kaluba,33.627001,0.402527,2020,6,436.0,,,,,,4.848484848484849,0.11,6.5,manual_count,East
C830_Link01,C83001,Busia - Majanji,34.030027,0.402872,2020,6,1112.6,,,,,,4.848484848484849,0.11,6.5,manual_count,East
C832_Link01,C83201,Tororo-Nagongera,34.044244,0.759378,2020,6,1548.8,,,,,,4.848484848484849,0.11,6.5,manual_count,East
C840_Link02,C84002,Apokor - Kwapa - Tuba,34.22404,0.761605,2020,6,408.0,,,,,,4.848484848484849,0.11,6.5,manual_count,East
C844_Link01,C84401,Rubongi - Mulanda,34.083566,0.685011,2020,6,808.0,,,,,,4.848484848484849,0.11,6.5,manual_count,East
C862_Link01,C86201,Namagumba - Budadiri,34.264365,1.147174,2020,6,1377.6,,,,,,4.848484848484849,0.11,6.5,manual_count,East
C872_Link01,C87201,Budaka - Kaderuna,33.933242,1.065014,2020,6,753.0,,,,,,4.848484848484849,0.11,6.5,manual_count,East
C876_Link01,C87601,Nabiganda -Nambale - Kamoto - Malukhu,34.129963,1.051926,2020,6,667.8,,,,,,4.848484848484849,0.11,6.5,manual_count,East
C878_Link01,C87801,Nakaloke-Kabwangasi-Butebo,34.138713,1.141863,2020,6,1009.6,,,,,,4.848484848484849,0.11,6.5,manual_count,East
C967_Link01,C96703,Kokeris - Lopei,34.366595,2.513746,2020,6,76.4,,,,,,0.40691759918616477,0.11,6.5,manual_count,North East
C882_Link01,C88202,Korir - Sironko,34.195733,1.284688,2020,6,431.6,,,,,,4.848484848484849,0.11,6.5,manual_count,East
B308_Link01,B30801,Namutere - Busia,34.019887,0.480938,2020,6,1949.8,,,,,,4.848484848484849,0.11,6.5,manual_count,East
C964_Link01,C96401,Soroti-Toroma,33.799291,1.721511,2020,6,226.2,,,,,,0.40691759918616477,0.11,6.5,manual_count,North East
A001_Link06,A00122,Kakira junction - Iganga,33.333223,0.51135,2020,6,7325.8,,,,,,4.848484848484849,0.11,6.5,manual_count,East
C965_Link01,C96501,Apeitolim - Iriri,34.055852,2.217853,2020,6,79.0,,,,,,0.40691759918616477,0.11,6.5,manual_count,North East
C310_Link01,C31001,Kamuli - Namasagali,33.026061,0.958745,2020,6,316.2,,,,,,4.848484848484849,0.11,6.5,manual_count,East
B305_Link02,B30502,Pallisa - Kanyago Bridge,33.794974,1.216074,2020,6,1110.4,,,,,,4.848484848484849,0.11,6.5,manual_count,East
B306_Link01,B30601,Tororo(Malaba junction) - Busia,34.131228,0.564168,2020,6,960.6,,,,,,4.848484848484849,0.11,6.5,manual_count,East
B307_Link02,B30702,Buwenge - Kamuli,33.146631,0.763143,2020,6,1442.0,,,,,,4.848484848484849,0.11,6.5,manual_count,East
C781_Link02,C78103,Mayuge - Kaluuba,33.493992,0.420334,2020,6,723.2,,,,,,4.848484848484849,0.11,6.5,manual_count,East
C924_Link01,C92401,Katine to Ochero,33.268813,1.723948,2020,6,513.0,,,,,,0.40691759918616477,0.11,6.5,manual_count,North East
C925_Link01,C92501,Soroti - Serere,33.531421,1.61685,2020,6,696.2,,,,,,0.40691759918616477,0.11,6.5,manual_count,North East
C927_Link02,C92702,Korir - Malera - Kumi,34.09247,1.440615,2020,6,166.2,,,,,,4.848484848484849,0.11,6.5,manual_count,East
C932_Link01,C93201,Serere-Pingire,33.353595,1.447302,2020,6,193.8,,,,,,0.40691759918616477,0.11,6.5,manual_count,North East
C944_Link01,C94402,Kaberamaido - Dokolo,33.168622,1.826832,2020,6,293.4,,,,,,0.40691759918616477,0.11,6.5,manual_count,North East
A001N2_Link01,A00121,Jinja - Kakira Junction(Dual section),33.235366,0.465198,2020,6,13173.4,,,,,,4.848484848484849,0.11,6.5,manual_count,East
C938_Link02,C93802,Katakwi - Toroma,33.945743,1.836107,2020,6,291.2,,,,,,0.40691759918616477,0.11,6.5,manual_count,North East
C782_Link02,C78203,Nankoma-Namayingo-Lumino,33.936703,0.319814,2020,6,1191.4,,,,,,4.848484848484849,0.11,6.5,manual_count,East
C920_Link01,C92001,Kumi-Brooks corner,33.9341,1.48769,2020,6,2092.6,,,,,,0.40691759918616477,0.11,-42.44,manual_count,North East
C792_Link01,C79202,Kaitabawaala - Buyala - Namagera,33.155255,0.522596,2020,6,1001.0,,,,,,4.848484848484849,0.11,6.5,manual_count,East
C792_Link02,C79203,Namagera - Lubanyi,33.078342,0.734108,2020,6,478.4,,,,,,4.848484848484849,0.11,6.5,manual_count,East
